Componente,Modelo,Link,Preço,Linha
Aro,ARO ABSOLUTE BRUTUS 26X32F PTO/PTO,https://homolog-absolutebikes.greenhousecom.biz/product/aro-absolute-brutus-26x32f-pto-pto/,0.00,
Aro,ARO ABSOLUTE BRUTUS 26X36F PTO/PTO,https://homolog-absolutebikes.greenhousecom.biz/product/aro-absolute-brutus-26x36f-pto-pto/,0.00,
Aro,ARO ABSOLUTE BRUTUS 26″,https://homolog-absolutebikes.greenhousecom.biz/product/aro-absolute-brutus-26/,0.00,
Aro,ARO ABSOLUTE KAMET 26″,https://homolog-absolutebikes.greenhousecom.biz/product/aro-absolute-kamet-26/,0.00,
Aro,ARO ABSOLUTE KAMET V-BRAKE 26,https://homolog-absolutebikes.greenhousecom.biz/product/aro-absolute-kamet-v-brake-26/,0.00,
Aro,ARO ABSOLUTE WILD-R 700c,https://homolog-absolutebikes.greenhousecom.biz/product/aro-absolute-wild-r-700c/,0.00,WILD
Quadro,QUADRO/GARFO 700C ABSOLUTE ALL ROAD,https://homolog-absolutebikes.greenhousecom.biz/product/quadro-garfo-700c-absolute-all-road/,0.00,
Quadro,QUADRO 29 MTB ABSOLUTE PRIME SL III,https://homolog-absolutebikes.greenhousecom.biz/product/quadro-29-mtb-absolute-prime-sl-iii/,0.00,PRIME
Quadro,QUADRO 29 MTB ABSOLUTE WILD BOOST II,https://homolog-absolutebikes.greenhousecom.biz/product/quadro-29-mtb-absolute-wild-boost-ii/,0.00,WILD
Quadro,QUADRO/GARFO 20 ABSOLUTE CROSS,https://homolog-absolutebikes.greenhousecom.biz/product/quadro-garfo-20-absolute-cross/,0.00,
Quadro,QUADRO/GARFO 700C ABSOLUTE WILD R,https://homolog-absolutebikes.greenhousecom.biz/product/quadro-garfo-700c-absolute-wild-r/,0.00,WILD
Quadro,QUADRO/GARFO 16 ABSOLUTE CROSS,https://homolog-absolutebikes.greenhousecom.biz/product/quadro-garfo-16-absolute-cross/,0.00,
Quadro,QUADRO 29 MTB FEMININO ABSOLUTE HERA,https://homolog-absolutebikes.greenhousecom.biz/product/quadro-29-mtb-feminino-absolute-hera/,0.00,
Quadro,QUADRO 29 MTB ABSOLUTE NERO BOOST,https://homolog-absolutebikes.greenhousecom.biz/product/quadro-29-mtb-absolute-nero-boost/,0.00,NERO
Quadro,QUADRO 29 MTB ABSOLUTE NERO 5,https://homolog-absolutebikes.greenhousecom.biz/product/quadro-29-mtb-absolute-nero-5/,0.00,NERO
Quadro,QUADRO 29 MTB ABSOLUTE MIA III,https://homolog-absolutebikes.greenhousecom.biz/product/quadro-29-mtb-absolute-mia-iii/,0.00,
Quadro,QUADRO ABSOLUTE BRUTUS PRO,https://homolog-absolutebikes.greenhousecom.biz/product/quadro-absolute-brutus-pro/,0.00,
Quadro,QUADRO 29 MTB ABSOLUTE WILD BOOST,https://homolog-absolutebikes.greenhousecom.biz/product/quadro-29-mtb-absolute-wild-boost/,0.00,WILD
Quadro,QUADRO ABSOLUTE BRUTUS 3,https://homolog-absolutebikes.greenhousecom.biz/product/quadro-absolute-brutus-3/,0.00,
Cassete,CASSETE ABSOLUTE 10V 11/42D,https://homolog-absolutebikes.greenhousecom.biz/product/cassete-absolute-10v-11-42d/,0.00,
Cassete,CASSETE ABSOLUTE 10V 11/46D,https://homolog-absolutebikes.greenhousecom.biz/product/cassete-absolute-10v-11-46d/,0.00,
Cassete,CASSETE ABSOLUTE 10V 11/46D NIQUEL ULT. PTO,https://homolog-absolutebikes.greenhousecom.biz/product/cassete-absolute-10v-11-46d-niquel-ult-pto/,0.00,
Cassete,CASSETE ABSOLUTE 11V 11/50D,https://homolog-absolutebikes.greenhousecom.biz/product/cassete-absolute-11v-11-50d/,0.00,
Cassete,CASSETE ABSOLUTE 12V 11/50D,https://homolog-absolutebikes.greenhousecom.biz/product/cassete-absolute-12v-11-50d/,0.00,
Cassete,CASSETE ABSOLUTE 12V 11/52D,https://homolog-absolutebikes.greenhousecom.biz/product/cassete-absolute-12v-11-52d/,0.00,
Cassete,CASSETE ABSOLUTE 9V 11/40D INDEX,https://homolog-absolutebikes.greenhousecom.biz/product/cassete-absolute-9v-11-40d-index/,0.00,
Cassete,PAR DE CUBOS ABSOLUTE NERO CASSETE,https://homolog-absolutebikes.greenhousecom.biz/product/par-de-cubos-absolute-nero-cassete/,0.00,NERO
Cassete,CASSETE ABSOLUTE PRIME 12V 11/52D,https://homolog-absolutebikes.greenhousecom.biz/product/cassete-absolute-prime-12v-11-52d/,0.00,PRIME
Corrente,CORRENTE ABSOLUTE A-12 12V 126 ELOS,https://homolog-absolutebikes.greenhousecom.biz/product/corrente-absolute-a-12-12v-126-elos/,0.00,
Corrente,CORRENTE ABSOLUTE RX-11 11V 116 ELOS,https://homolog-absolutebikes.greenhousecom.biz/product/corrente-absolute-rx-11-11v-116-elos/,0.00,
Corrente,CORRENTE ABSOLUTE VG-12 12V 126 ELOS,https://homolog-absolutebikes.greenhousecom.biz/product/corrente-absolute-vg-12-12v-126-elos/,0.00,
Cubo,PAR DE CUBOS ABSOLUTE BRUTUS ESFERA,https://homolog-absolutebikes.greenhousecom.biz/product/par-de-cubos-absolute-brutus-esfera/,0.00,
Cubo,PAR DE CUBOS ABSOLUTE DISC,https://homolog-absolutebikes.greenhousecom.biz/product/par-de-cubos-absolute-disc/,0.00,
Cubo,PAR DE CUBOS ABSOLUTE RODA LIVRE,https://homolog-absolutebikes.greenhousecom.biz/product/par-de-cubos-absolute-roda-livre/,0.00,
Cubo,PAR DE CUBOS ABSOLUTE RODA LIVRE COM ESFERAS,https://homolog-absolutebikes.greenhousecom.biz/product/par-de-cubos-absolute-roda-livre-com-esferas/,0.00,
Cubo,PAR DE CUBOS ABSOLUTE RODA LIVRE COM ROLAMENTOS,https://homolog-absolutebikes.greenhousecom.biz/product/par-de-cubos-absolute-roda-livre-com-rolamentos/,0.00,
Cubo,CUBO DIAN/TRAS ABSOLUTE NERO 2 CS PTO 32F OEM,https://homolog-absolutebikes.greenhousecom.biz/product/cubo-dian-tras-absolute-nero-2-cs-pto-32f-oem/,0.00,NERO
Cubo,PAR DE CUBOS ABSOLUTE NERO RODA LIVRE,https://homolog-absolutebikes.greenhousecom.biz/product/par-de-cubos-absolute-nero-roda-livre/,0.00,NERO
Cubo,PAR DE CUBOS ABSOLUTE PRIME,https://homolog-absolutebikes.greenhousecom.biz/product/par-de-cubos-absolute-prime/,0.00,PRIME
Cubo,PAR DE CUBOS ABSOLUTE PRIME 6 PAWLS,https://homolog-absolutebikes.greenhousecom.biz/product/par-de-cubos-absolute-prime-6-pawls/,0.00,PRIME
Cubo,PAR DE CUBOS ABSOLUTE WILD DISC,https://homolog-absolutebikes.greenhousecom.biz/product/par-de-cubos-absolute-wild-disc/,0.00,WILD
Câmara/Tubeless,RODA 700C ABSOLUTE PRIME-R DISC ALM TUBELESS,https://homolog-absolutebikes.greenhousecom.biz/product/roda-700c-absolute-prime-r-disc-alm-tubeless/,0.00,PRIME
Câmbio Dianteiro,CAMBIO DIANT ABSOLUTE NERO PRO 3X7/8V DOWN,https://homolog-absolutebikes.greenhousecom.biz/product/cambio-diant-absolute-nero-pro-3x7-8v-down/,0.00,NERO
Câmbio Dianteiro,CAMBIO DIANT ABSOLUTE NERO PRO 3X7/8V TOP,https://homolog-absolutebikes.greenhousecom.biz/product/cambio-diant-absolute-nero-pro-3x7-8v-top/,0.00,NERO
Câmbio Dianteiro,CAMBIO DIANT ABSOLUTE WILD SPORT 3X8V DUAL,https://homolog-absolutebikes.greenhousecom.biz/product/cambio-diant-absolute-wild-sport-3x8v-dual/,0.00,WILD
Câmbio Dianteiro,CAMBIO DIANT ABSOLUTE WILD SPORT 3X9V DUAL,https://homolog-absolutebikes.greenhousecom.biz/product/cambio-diant-absolute-wild-sport-3x9v-dual/,0.00,WILD
Câmbio Dianteiro,CÂMBIO DIANTEIRO WILD R BRAZE-ON 2X9V,https://homolog-absolutebikes.greenhousecom.biz/product/cambio-dianteiro-wild-r-braze-on-2x9v/,0.00,WILD
Câmbio Traseiro,CAMBIO TRASEIRO ABSOLUTE NERO 12V MTB OEM,https://homolog-absolutebikes.greenhousecom.biz/product/cambio-traseiro-absolute-nero-12v-mtb-oem/,0.00,NERO
Câmbio Traseiro,CAMBIO TRASEIRO ABSOLUTE WILD SPORT 3X7V,https://homolog-absolutebikes.greenhousecom.biz/product/cambio-traseiro-absolute-wild-sport-3x7v/,0.00,WILD
Câmbio Traseiro,CAMBIO TRASEIRO ABSOLUTE WILD SPORT 3X8V,https://homolog-absolutebikes.greenhousecom.biz/product/cambio-traseiro-absolute-wild-sport-3x8v/,0.00,WILD
Câmbio Traseiro,CAMBIO TRASEIRO ABSOLUTE WILD SPORT 3X9V,https://homolog-absolutebikes.greenhousecom.biz/product/cambio-traseiro-absolute-wild-sport-3x9v/,0.00,WILD
Câmbio Traseiro,CÂMBIO TRASEIRO WILD II 12V,https://homolog-absolutebikes.greenhousecom.biz/product/cambio-traseiro-wild-ii-12v/,0.00,WILD
Câmbio Traseiro,CÂMBIO TRASEIRO WILD II 11V,https://homolog-absolutebikes.greenhousecom.biz/product/cambio-traseiro-wild-ii-11v/,0.00,WILD
Câmbio Traseiro,CÂMBIO TRASEIRO WILD II 9V,https://homolog-absolutebikes.greenhousecom.biz/product/cambio-traseiro-wild-ii-9v/,0.00,WILD
Câmbio Traseiro,CÂMBIO TRASEIRO WILD R 9V,https://homolog-absolutebikes.greenhousecom.biz/product/cambio-traseiro-wild-r-9v/,0.00,WILD
Trocador,ALAVANCA ABSOLUTE 3X7V,https://homolog-absolutebikes.greenhousecom.biz/product/alavanca-absolute-3x7v/,0.00,
Trocador,ALAVANCA ABSOLUTE 3X8V,https://homolog-absolutebikes.greenhousecom.biz/product/alavanca-absolute-3x8v/,0.00,
Trocador,ALAVANCA ABSOLUTE NERO 12V DIR PTO OEM,https://homolog-absolutebikes.greenhousecom.biz/product/alavanca-absolute-nero-12v-dir-pto-oem/,0.00,NERO
Trocador,ALAVANCA GRIP-SHIFT ABSOLUTE NERO PRO 3X6V,https://homolog-absolutebikes.greenhousecom.biz/product/alavanca-grip-shift-absolute-nero-pro-3x6v/,0.00,NERO
Trocador,ALAVANCA RAPID-FIRE ABSOLUTE WILD SPORT 3X7V,https://homolog-absolutebikes.greenhousecom.biz/product/alavanca-rapid-fire-absolute-wild-sport-3x7v/,0.00,WILD
Trocador,ALAVANCA RAPID-FIRE ABSOLUTE WILD SPORT 3X8V,https://homolog-absolutebikes.greenhousecom.biz/product/alavanca-rapid-fire-absolute-wild-sport-3x8v/,0.00,WILD
Trocador,ALAVANCA RAPID-FIRE ABSOLUTE WILD SPORT 3X9V,https://homolog-absolutebikes.greenhousecom.biz/product/alavanca-rapid-fire-absolute-wild-sport-3x9v/,0.00,WILD
Trocador,ALAVANCA ABSOLUTE WILD SPORT 3X7V,https://homolog-absolutebikes.greenhousecom.biz/product/alavanca-absolute-wild-sport-3x7v/,0.00,WILD
Trocador,ALAVANCA ABSOLUTE WILD SPORT 3X8V,https://homolog-absolutebikes.greenhousecom.biz/product/alavanca-absolute-wild-sport-3x8v/,0.00,WILD
Trocador,ALAVANCA ABSOLUTE WILD SPORT 3X9V,https://homolog-absolutebikes.greenhousecom.biz/product/alavanca-absolute-wild-sport-3x9v/,0.00,WILD
Trocador,ALAVANCA ABSOLUTE WILD II 11V,https://homolog-absolutebikes.greenhousecom.biz/product/alavanca-absolute-wild-ii-11v/,0.00,WILD
Trocador,ALAVANCA ABSOLUTE WILD II 18V,https://homolog-absolutebikes.greenhousecom.biz/product/alavanca-absolute-wild-ii-18v/,0.00,WILD
Trocador,ALAVANCA ABSOLUTE WILD II 20V,https://homolog-absolutebikes.greenhousecom.biz/product/alavanca-absolute-wild-ii-20v/,0.00,WILD
Discos,DISCO DE FREIO ABSOLUTE YRT01,https://homolog-absolutebikes.greenhousecom.biz/product/disco-de-freio-absolute-yrt01/,0.00,
Discos,DISCO FREIO ABSOLUTE CENTERLOCK 140MM,https://homolog-absolutebikes.greenhousecom.biz/product/disco-freio-absolute-centerlock-140mm/,0.00,
Discos,DISCO FREIO ABSOLUTE CENTERLOCK 160MM,https://homolog-absolutebikes.greenhousecom.biz/product/disco-freio-absolute-centerlock-160mm/,0.00,
Discos,DISCO FREIO ABSOLUTE CENTERLOCK 180MM,https://homolog-absolutebikes.greenhousecom.biz/product/disco-freio-absolute-centerlock-180mm/,0.00,
Discos,DISCO FREIO ABSOLUTE CENTERLOCK 203MM,https://homolog-absolutebikes.greenhousecom.biz/product/disco-freio-absolute-centerlock-203mm/,0.00,
Discos,DISCO DE FREIO ABSOLUTE NERO,https://homolog-absolutebikes.greenhousecom.biz/product/disco-de-freio-absolute-nero/,0.00,NERO
Freios,CABO DE FREIO MTB ABSOLUTE,https://homolog-absolutebikes.greenhousecom.biz/product/cabo-de-freio-mtb-absolute/,0.00,
Freios,CABO DE FREIO ROAD ABSOLUTE,https://homolog-absolutebikes.greenhousecom.biz/product/cabo-de-freio-road-absolute/,0.00,
Freios,FREIO A DISCO HIDRÁULICO ABSOLUTE BRUTUS,https://homolog-absolutebikes.greenhousecom.biz/product/freio-a-disco-hidraulico-absolute-brutus/,0.00,
Freios,FREIO A DISCO HIDRÁULICO ABSOLUTE BRUTUS II,https://homolog-absolutebikes.greenhousecom.biz/product/freio-a-disco-hidraulico-absolute-brutus-ii/,0.00,
Freios,FREIO A DISCO HIDRÁULICO ABSOLUTE DXU-1901,https://homolog-absolutebikes.greenhousecom.biz/product/freio-a-disco-hidraulico-absolute-dxu-1901/,0.00,
Freios,FREIO A DISCO HIDRÁULICO ABSOLUTE M220,https://homolog-absolutebikes.greenhousecom.biz/product/freio-a-disco-hidraulico-absolute-m220/,0.00,
Freios,FREIO A DISCO MECÂNICO ABSOLUTE,https://homolog-absolutebikes.greenhousecom.biz/product/freio-a-disco-mecanico-absolute/,0.00,
Freios,FREIO A DISCO MECÂNICO ABSOLUTE ALL ROAD,https://homolog-absolutebikes.greenhousecom.biz/product/freio-a-disco-mecanico-absolute-all-road/,0.00,
Freios,FREIO A DISCO MECÂNICO ABSOLUTE DUAL,https://homolog-absolutebikes.greenhousecom.biz/product/freio-a-disco-mecanico-absolute-dual/,0.00,
Freios,ADAPTADOR ALUMÍNIO FM/FM DIANTEIRO 140 E 160MM,https://homolog-absolutebikes.greenhousecom.biz/product/adaptador-aluminio-fm-fm-dianteiro-140-e-160mm/,0.00,
Freios,ADAPTADOR ALUMÍNIO FM/FM TRASEIRO 160MM,https://homolog-absolutebikes.greenhousecom.biz/product/adaptador-aluminio-fm-fm-traseiro-160mm/,0.00,
Freios,ADAPTADOR ALUMÍNIO FM/PM DIANTEIRO 160MM,https://homolog-absolutebikes.greenhousecom.biz/product/adaptador-aluminio-fm-pm-dianteiro-160mm/,0.00,
Freios,ADAPTADOR ALUMÍNIO FM/PM TRASEIRO 160MM,https://homolog-absolutebikes.greenhousecom.biz/product/adaptador-aluminio-fm-pm-traseiro-160mm/,0.00,
Freios,ADAPTADOR ALUMÍNIO PM/PM DIANTEIRO/TRASEIRO 180MM,https://homolog-absolutebikes.greenhousecom.biz/product/adaptador-aluminio-pm-pm-dianteiro-traseiro-180mm/,0.00,
Freios,ADAPTADOR ALUMÍNIO PM/PM DIANTEIRO/TRASEIRO 203MM,https://homolog-absolutebikes.greenhousecom.biz/product/adaptador-aluminio-pm-pm-dianteiro-traseiro-203mm/,0.00,
Freios,ADAPTADOR BOOST DIANTEIRO ABSOLUTE,https://homolog-absolutebikes.greenhousecom.biz/product/adaptador-boost-dianteiro-absolute/,0.00,
Freios,ADAPTADOR BOOST TRASEIRO ABSOLUTE,https://homolog-absolutebikes.greenhousecom.biz/product/adaptador-boost-traseiro-absolute/,0.00,
Freios,FREIO A DISCO MECÂNICO ABSOLUTE PASTILHA REDONDA,https://homolog-absolutebikes.greenhousecom.biz/product/freio-a-disco-mecanico-absolute-pastilha-redonda/,0.00,
Freios,PINÇA P/FREIO A DISCO MECÂNICO ABSOLUTE,https://homolog-absolutebikes.greenhousecom.biz/product/pinca-p-freio-a-disco-mecanico-absolute/,0.00,
Freios,PINÇA P/FREIO A DISCO MECÂNICO ABSOLUTE NERO,https://homolog-absolutebikes.greenhousecom.biz/product/pinca-p-freio-a-disco-mecanico-absolute-nero/,0.00,NERO
Freios,PAR DE CUBOS FREIO A DISCO ABSOLUTE,https://homolog-absolutebikes.greenhousecom.biz/product/par-de-cubos-freio-a-disco-absolute/,0.00,
Freios,FREIO A DISCO MECÂNICO ABSOLUTE NERO IS,https://homolog-absolutebikes.greenhousecom.biz/product/freio-a-disco-mecanico-absolute-nero-is/,0.00,NERO
Freios,FREIO A DISCO MECÂNICO ABSOLUTE NERO TD01,https://homolog-absolutebikes.greenhousecom.biz/product/freio-a-disco-mecanico-absolute-nero-td01/,0.00,NERO
Freios,EIXO ALAVANCA FREIO ABSOLUTE PRIME,https://homolog-absolutebikes.greenhousecom.biz/product/eixo-alavanca-freio-absolute-prime/,0.00,PRIME
Freios,BUCHA ALAVANCA FREIO ABSOLUTE PRIME 1.1MM,https://homolog-absolutebikes.greenhousecom.biz/product/bucha-alavanca-freio-absolute-prime-11mm/,0.00,PRIME
Freios,BUCHA ALAVANCA FREIO ABSOLUTE PRIME 1.0MM,https://homolog-absolutebikes.greenhousecom.biz/product/bucha-alavanca-freio-absolute-prime-10mm/,0.00,PRIME
Freios,ALAVANCA MANETE FREIO ABSOLUTE PRIME,https://homolog-absolutebikes.greenhousecom.biz/product/alavanca-manete-freio-absolute-prime/,0.00,PRIME
Freios,FREIO A DISCO HIDRÁULICO ABSOLUTE PRIME,https://homolog-absolutebikes.greenhousecom.biz/product/freio-a-disco-hidraulico-absolute-prime/,0.00,PRIME
Freios,FREIO DISCO HID ABSOLUTE PRIME II D/T,https://homolog-absolutebikes.greenhousecom.biz/product/freio-disco-hid-absolute-prime-ii-d-t/,0.00,PRIME
Freios,FREIO DISCO HID ABS TRAS DXU-1901 ROTOR OEM,https://homolog-absolutebikes.greenhousecom.biz/product/freio-disco-hid-abs-tras-dxu-1901-rotor-oem/,0.00,
Freios,FREIO DISCO HID ABS TRAS DXU-1901 ROTOR C/CX,https://homolog-absolutebikes.greenhousecom.biz/product/freio-disco-hid-abs-tras-dxu-1901-rotor-c-cx/,0.00,
Freios,FREIO A DISCO HIDRÁULICO ABSOLUTE WILD 2,https://homolog-absolutebikes.greenhousecom.biz/product/freio-a-disco-hidraulico-absolute-wild-2/,0.00,WILD
Freios,MANETE DE FREIO MECÂNICO ABSOLUTE WILD,https://homolog-absolutebikes.greenhousecom.biz/product/manete-de-freio-mecanico-absolute-wild/,0.00,WILD
Manopla,MANOPLA ABSOLUTE RG3,https://homolog-absolutebikes.greenhousecom.biz/product/manopla-absolute-rg3/,0.00,
Canote,ALAVANCA DE CANOTE RETRÁTIL ABSOLUTE PRIME EX,https://homolog-absolutebikes.greenhousecom.biz/product/alavanca-de-canote-retratil-absolute-prime-ex/,0.00,PRIME
Canote,CANOTE DE SELIM ABSOLUTE PRIME SL,https://homolog-absolutebikes.greenhousecom.biz/product/canote-de-selim-absolute-prime-sl/,0.00,PRIME
Canote,CANOTE DE SELIM ABSOLUTE WILD SL,https://homolog-absolutebikes.greenhousecom.biz/product/canote-de-selim-absolute-wild-sl/,0.00,WILD
Canote,CANOTE DE SELIM ABSOLUTE XL-350A,https://homolog-absolutebikes.greenhousecom.biz/product/canote-de-selim-absolute-xl-350a/,0.00,
Canote,CANOTE DE SELIM ABSOLUTE 27.2X300MM,https://homolog-absolutebikes.greenhousecom.biz/product/canote-de-selim-absolute-27-2x300mm/,0.00,
Canote,CANOTE RETRÁTIL ABSOLUTE PRIME EX,https://homolog-absolutebikes.greenhousecom.biz/product/canote-retratil-absolute-prime-ex/,0.00,PRIME
Canote,CANOTE DE SELIM ABSOLUTE WILD,https://homolog-absolutebikes.greenhousecom.biz/product/canote-de-selim-absolute-wild/,0.00,WILD
Guidão,GUIDÃO ABSOLUTE BRUTUS 50,https://homolog-absolutebikes.greenhousecom.biz/product/guidao-absolute-brutus-50/,0.00,
Guidão,GUIDÃO ABSOLUTE RETO HB001,https://homolog-absolutebikes.greenhousecom.biz/product/guidao-absolute-reto-hb001/,0.00,
Guidão,GUIDÃO ABSOLUTE MTB RETO MYD-HB001,https://homolog-absolutebikes.greenhousecom.biz/product/guidao-absolute-mtb-reto-myd-hb001/,0.00,
Guidão,GUIDÃO ABSOLUTE WILD RETO,https://homolog-absolutebikes.greenhousecom.biz/product/guidao-absolute-wild-reto/,0.00,WILD
Guidão,GUIDÃO ABSOLUTE WILD ELEVADO,https://homolog-absolutebikes.greenhousecom.biz/product/guidao-absolute-wild-elevado/,0.00,WILD
Guidão,GUIDÃO ABSOLUTE NERO,https://homolog-absolutebikes.greenhousecom.biz/product/guidao-absolute-nero/,0.00,NERO
Guidão,GUIDÃO ABSOLUTE PRIME 35,https://homolog-absolutebikes.greenhousecom.biz/product/guidao-absolute-prime-35/,0.00,PRIME
Guidão,GUIDÃO ABSOLUTE PRIME EX,https://homolog-absolutebikes.greenhousecom.biz/product/guidao-absolute-prime-ex/,0.00,PRIME
Guidão,GUIDÃO ABSOLUTE MTB HB01,https://homolog-absolutebikes.greenhousecom.biz/product/guidao-absolute-mtb-hb01/,0.00,
Guidão,GUIDÃO ABSOLUTE MTB HB002,https://homolog-absolutebikes.greenhousecom.biz/product/guidao-absolute-mtb-hb002/,0.00,
Guidão,GUIDÃO ABSOLUTE MTB HB02,https://homolog-absolutebikes.greenhousecom.biz/product/guidao-absolute-mtb-hb02/,0.00,
Guidão,GUIDÃO ABSOLUTE ALL ROAD GRAVEL,https://homolog-absolutebikes.greenhousecom.biz/product/guidao-absolute-all-road-gravel/,0.00,
Guidão,GUIDAO ABSOLUTE BRUTUS,https://homolog-absolutebikes.greenhousecom.biz/product/guidao-absolute-brutus/,0.00,
Guidão,GUIDÃO AÇO MTB RETO XL-391,https://homolog-absolutebikes.greenhousecom.biz/product/guidao-aco-mtb-reto-xl-391/,0.00,
Guidão,GUIDÃO MTB MD-HB023,https://homolog-absolutebikes.greenhousecom.biz/product/guidao-mtb-md-hb023/,0.00,
Guidão,GUIDAO ALM MTB HB02 31.8X720MM ALT 20MM PTA,https://homolog-absolutebikes.greenhousecom.biz/product/guidao-alm-mtb-hb02-31-8x720mm-alt-20mm-pta/,0.00,
Guidão,GUIDAO ACO MTB VOADOR 31.8X680MM ALT 25MM PTO,https://homolog-absolutebikes.greenhousecom.biz/product/guidao-aco-mtb-voador-31-8x680mm-alt-25mm-pto/,0.00,
Mesa,SUPORTE DE GUIDÃO ABSOLUTE HS126,https://homolog-absolutebikes.greenhousecom.biz/product/suporte-de-guidao-absolute-hs126/,0.00,
Mesa,SUPORTE DE GUIDÃO ABSOLUTE PRIME 35,https://homolog-absolutebikes.greenhousecom.biz/product/suporte-de-guidao-absolute-prime-35/,0.00,PRIME
Mesa,SUPORTE DE GUIDÃO ABSOLUTE HS101,https://homolog-absolutebikes.greenhousecom.biz/product/suporte-de-guidao-absolute-hs101/,0.00,
Mesa,SUPORTE DE GUIDÃO ABSOLUTE AS-106,https://homolog-absolutebikes.greenhousecom.biz/product/suporte-de-guidao-absolute-as-106/,0.00,
Mesa,SUPORTE DE GUIDÃO ABSOLUTE WILD,https://homolog-absolutebikes.greenhousecom.biz/product/suporte-de-guidao-absolute-wild/,0.00,WILD
Mesa,SUPORTE DE GUIDÃO ABSOLUTE PRIME SL,https://homolog-absolutebikes.greenhousecom.biz/product/suporte-de-guidao-absolute-prime-sl/,0.00,PRIME
Mesa,SUPORTE DE GUIDÃO ABSOLUTE NERO,https://homolog-absolutebikes.greenhousecom.biz/product/suporte-de-guidao-absolute-nero/,0.00,NERO
Mesa,SUPORTE DE GUIDÃO ABSOLUTE WILD EX II,https://homolog-absolutebikes.greenhousecom.biz/product/suporte-de-guidao-absolute-wild-ex-ii/,0.00,WILD
Mesa,SUPORTE DE GUIDÃO ABSOLUTE HS061,https://homolog-absolutebikes.greenhousecom.biz/product/suporte-de-guidao-absolute-hs061/,0.00,
Mesa,SUPORTE DE GUIDÃO PRIME RACE,https://homolog-absolutebikes.greenhousecom.biz/product/suporte-de-guidao-prime-race/,0.00,PRIME
Mesa,SUPORTE DE GUIDÃO BRUTUS 35,https://homolog-absolutebikes.greenhousecom.biz/product/suporte-de-guidao-brutus-35/,0.00,
Mesa,SUPORTE DE GUIDÃO BRUTUS II,https://homolog-absolutebikes.greenhousecom.biz/product/suporte-de-guidao-brutus-ii/,0.00,
Mesa,SUPORTE DE GUIDÃO ABSOLUTE BRUTUS,https://homolog-absolutebikes.greenhousecom.biz/product/suporte-de-guidao-absolute-brutus/,0.00,
Mesa,SUPORTE DE GUIDÃO ABSOLUTE REGULÁVEL,https://homolog-absolutebikes.greenhousecom.biz/product/suporte-de-guidao-absolute-regulavel/,0.00,
Mesa,SUPORTE DE GUIDÃO ABSOLUTE WILD EX,https://homolog-absolutebikes.greenhousecom.biz/product/suporte-de-guidao-absolute-wild-ex/,0.00,WILD
Mesa,SUPORTE GUIDAO ALM HS175 PTO 31.8X35MM,https://homolog-absolutebikes.greenhousecom.biz/product/suporte-guidao-alm-hs175-pto-31-8x35mm/,0.00,
Mesa,SUPORTE BMX AHEAD 45MM OVER 22.2,https://homolog-absolutebikes.greenhousecom.biz/product/suporte-bmx-ahead-45mm-over-22-2/,0.00,
Suspensão,GARFO 29 ABSOLUTE NERO SPORT RL PTO 100MM,https://homolog-absolutebikes.greenhousecom.biz/product/garfo-29-absolute-nero-sport-rl-pto-100mm/,0.00,NERO
Suspensão,GARFO 29 ABSOLUTE NERO SPORT PTO 100MM,https://homolog-absolutebikes.greenhousecom.biz/product/garfo-29-absolute-nero-sport-pto-100mm/,0.00,NERO
Suspensão,GARFO 26 ABSOLUTE BRUTUS FR,https://homolog-absolutebikes.greenhousecom.biz/product/garfo-26-absolute-brutus-fr/,0.00,
Suspensão,GARFO 29 AHD 330-HLO,https://homolog-absolutebikes.greenhousecom.biz/product/garfo-29-ahd-330-hlo/,0.00,
Suspensão,GARFO 29 AHD 938SD,https://homolog-absolutebikes.greenhousecom.biz/product/garfo-29-ahd-938sd/,0.00,
Suspensão,GARFO 29 ABSOLUTE BRUTUS RL,https://homolog-absolutebikes.greenhousecom.biz/product/garfo-29-absolute-brutus-rl/,0.00,
Suspensão,GARFO 29 ABSOLUTE PRIME EXR,https://homolog-absolutebikes.greenhousecom.biz/product/garfo-29-absolute-prime-exr/,0.00,PRIME
Suspensão,GARFO 29 ABSOLUTE RÍGIDO,https://homolog-absolutebikes.greenhousecom.biz/product/garfo-29-absolute-rigido/,0.00,
Suspensão,GARFO 26 ABSOLUTE BRUTUS DJ,https://homolog-absolutebikes.greenhousecom.biz/product/garfo-26-absolute-brutus-dj/,0.00,
Suspensão,GARFO 26 ABSOLUTE BRUTUS RL,https://homolog-absolutebikes.greenhousecom.biz/product/garfo-26-absolute-brutus-rl/,0.00,
Suspensão,GARFO 29 AHD MXFK-19,https://homolog-absolutebikes.greenhousecom.biz/product/garfo-29-ahd-mxfk-19/,0.00,
Suspensão,GARFO 700C ABSOLUTE ROAD DISC,https://homolog-absolutebikes.greenhousecom.biz/product/garfo-700c-absolute-road-disc/,0.00,
Suspensão,GARFO 29 ABSOLUTE WILD 34 AIR,https://homolog-absolutebikes.greenhousecom.biz/product/garfo-29-absolute-wild-34-air/,0.00,WILD
Suspensão,GARFO 29 AHD MXFK-18 CROMADO,https://homolog-absolutebikes.greenhousecom.biz/product/garfo-29-ahd-mxfk-18-cromado/,0.00,
Suspensão,GARFO 29 AHD MXFK-18 PRETO,https://homolog-absolutebikes.greenhousecom.biz/product/garfo-29-ahd-mxfk-18-preto/,0.00,
Suspensão,GARFO 29 ABSOLUTE PRIME SL,https://homolog-absolutebikes.greenhousecom.biz/product/garfo-29-absolute-prime-sl/,0.00,PRIME
Suspensão,GARFO 29 ABSOLUTE PRIME SL TAPERED,https://homolog-absolutebikes.greenhousecom.biz/product/garfo-29-absolute-prime-sl-tapered/,0.00,PRIME
Suspensão,GARFO 29 ABSOLUTE PRIME SLR,https://homolog-absolutebikes.greenhousecom.biz/product/garfo-29-absolute-prime-slr/,0.00,PRIME
Suspensão,GARFO 29 ABSOLUTE NERO BOOST,https://homolog-absolutebikes.greenhousecom.biz/product/garfo-29-absolute-nero-boost/,0.00,NERO
Suspensão,GARFO 29 ABSOLUTE NERO,https://homolog-absolutebikes.greenhousecom.biz/product/garfo-29-absolute-nero/,0.00,NERO
Suspensão,GARFO 29 ABSOLUTE PRIME EX,https://homolog-absolutebikes.greenhousecom.biz/product/garfo-29-absolute-prime-ex/,0.00,PRIME
Suspensão,GARFO 26 ABSOLUTE NERO 32,https://homolog-absolutebikes.greenhousecom.biz/product/garfo-26-absolute-nero-32/,0.00,NERO
Suspensão,GARFO 26 NERO 30 STD,https://homolog-absolutebikes.greenhousecom.biz/product/garfo-26-nero-30-std/,0.00,NERO
Suspensão,GARFO 26 ABSOLUTE BRUTUS DJ PRO,https://homolog-absolutebikes.greenhousecom.biz/product/garfo-26-absolute-brutus-dj-pro/,0.00,
Suspensão,GARFO 26 ABSOLUTE BRUTUS FR PRO,https://homolog-absolutebikes.greenhousecom.biz/product/garfo-26-absolute-brutus-fr-pro/,0.00,
Suspensão,GARFO 26 ABSOLUTE NERO 30,https://homolog-absolutebikes.greenhousecom.biz/product/garfo-26-absolute-nero-30/,0.00,NERO
Movimento Central,MOVIMENTO CENTRAL ABSOLUTE 45MM,https://homolog-absolutebikes.greenhousecom.biz/product/movimento-central-absolute-45mm/,0.00,
Movimento Central,MOVIMENTO CENTRAL ABSOLUTE BSA DUB,https://homolog-absolutebikes.greenhousecom.biz/product/movimento-central-absolute-bsa-dub/,0.00,
Movimento Central,MOVIMENTO CENTRAL ABSOLUTE BSA PARA EIXO 24/24MM,https://homolog-absolutebikes.greenhousecom.biz/product/movimento-central-absolute-bsa-para-eixo-24-24mm/,0.00,
Movimento Central,MOVIMENTO CENTRAL ABSOLUTE BSA PARA EIXO 30MM,https://homolog-absolutebikes.greenhousecom.biz/product/movimento-central-absolute-para-eixo-30mm/,0.00,
Movimento Central,MOVIMENTO CENTRAL ABSOLUTE BSA PARA GXP 24/22MM,https://homolog-absolutebikes.greenhousecom.biz/product/movimento-central-absolute-bsa-para-gxp-14-22mm/,0.00,
Movimento Central,MOVIMENTO CENTRAL ABSOLUTE PRESSFIT 41 24/24,https://homolog-absolutebikes.greenhousecom.biz/product/movimento-central-absolute-pressfit-41-24-24/,0.00,
Movimento Central,MOVIMENTO CENTRAL ABSOLUTE PRESSFIT BB92 DUB,https://homolog-absolutebikes.greenhousecom.biz/product/movimento-central-absolute-pressfit-bb92-dub/,0.00,
Movimento Central,MOVIMENTO CENTRAL ABSOLUTE SEL 122.5MM,https://homolog-absolutebikes.greenhousecom.biz/product/movimento-central-absolute-sel-122-5mm/,0.00,
Movimento Central,MOVIMENTO CENTRAL ABSOLUTE SEL 122.5MM S/CX,https://homolog-absolutebikes.greenhousecom.biz/product/movimento-central-absolute-sel-122-5mm-s-cx/,0.00,
Movimento Central,MOVIMENTO CENTRAL ABSOLUTE SEL 125.5MM,https://homolog-absolutebikes.greenhousecom.biz/product/movimento-central-absolute-sel-125-5mm/,0.00,
Movimento Central,MOVIMENTO CENTRAL ABSOLUTE SEL 127.5MM,https://homolog-absolutebikes.greenhousecom.biz/product/movimento-central-absolute-sel-127-5mm/,0.00,
Movimento Central,MOVIMENTO CENTRAL ABSOLUTE SEL 127.5MM S/CX,https://homolog-absolutebikes.greenhousecom.biz/product/movimento-central-absolute-sel-127-5mm-s-cx/,0.00,
Movimento Central,MOVIMENTO CENTRAL ABSOLUTE SEL. 110.5MM,https://homolog-absolutebikes.greenhousecom.biz/product/movimento-central-absolute-sel-110-5mm/,0.00,
Movimento Central,MOVIMENTO CENTRAL ABSOLUTE SEL. 110.5MM S/CX.,https://homolog-absolutebikes.greenhousecom.biz/product/movimento-central-absolute-sel-110-5mm-s-cx/,0.00,
Movimento Central,MOVIMENTO CENTRAL ABSOLUTE SEL. 113.5MM,https://homolog-absolutebikes.greenhousecom.biz/product/movimento-central-absolute-sel-113-5mm/,0.00,
Movimento Central,MOVIMENTO CENTRAL ABSOLUTE SEL. 113.5MM S/CX.,https://homolog-absolutebikes.greenhousecom.biz/product/movimento-central-absolute-sel-113-5mm-s-cx/,0.00,
Movimento Central,MOVIMENTO CENTRAL ABSOLUTE SEL. 116MM,https://homolog-absolutebikes.greenhousecom.biz/product/movimento-central-absolute-sel-116mm/,0.00,
Movimento Central,MOVIMENTO CENTRAL ABSOLUTE SEL. 118MM,https://homolog-absolutebikes.greenhousecom.biz/product/movimento-central-absolute-sel-118mm/,0.00,
Movimento Central,MOVIMENTO CENTRAL ABSOLUTE SEL. 118MM S/CX.,https://homolog-absolutebikes.greenhousecom.biz/product/movimento-central-absolute-sel-118mm-s-cx/,0.00,
Movimento Central,MOVIMENTO CENTRAL ABSOLUTE SEL. 122MM,https://homolog-absolutebikes.greenhousecom.biz/product/movimento-central-absolute-sel-122mm/,0.00,
Movimento Central,MOVIMENTO CENTRAL ABSOLUTE SEL. 127.5MM.,https://homolog-absolutebikes.greenhousecom.biz/product/movimento-central-absolute-sel-127-5mm-2/,0.00,
Movimento Central,MOVIMENTO CENTRAL ABSOLUTE SELADO,https://homolog-absolutebikes.greenhousecom.biz/product/movimento-central-absolute-selado/,0.00,
Movimento Central,MOVIMENTO CENTRAL ABSOLUTE PRIME 68/73MM,https://homolog-absolutebikes.greenhousecom.biz/product/movimento-central-absolute-prime-68-73mm/,0.00,PRIME
Pedivela,PEDIVELA ABSOLUTE ALL ROAD,https://homolog-absolutebikes.greenhousecom.biz/product/pedivela-absolute-all-road/,0.00,
Pedivela,PEDIVELA AÇO SINGLE,https://homolog-absolutebikes.greenhousecom.biz/product/pedivela-aco-single/,0.00,
Pedivela,PEDIVELA ABSOLUTE ALUMÍNIO SINGLE,https://homolog-absolutebikes.greenhousecom.biz/product/pedivela-absolute-aluminio-single/,0.00,
Pedivela,PEDIVELA ABSOLUTE MTB AÇO,https://homolog-absolutebikes.greenhousecom.biz/product/pedivela-absolute-mtb-aco/,0.00,
Pedivela,PEDIVELA ABSOLUTE SINGLE AÇO,https://homolog-absolutebikes.greenhousecom.biz/product/pedivela-absolute-single-aco/,0.00,
Pedivela,PEDIVELA ABSOLUTE NERO 170MM 24/34/42 PTO,https://homolog-absolutebikes.greenhousecom.biz/product/pedivela-absolute-nero-170mm-24-34-42-pto/,0.00,NERO
Pedivela,PEDIVELA ABSOLUTE NERO JR,https://homolog-absolutebikes.greenhousecom.biz/product/pedivela-absolute-nero-jr/,0.00,NERO
Pedivela,PEDIVELA ABSOLUTE PRIME,https://homolog-absolutebikes.greenhousecom.biz/product/pedivela-absolute-prime/,0.00,PRIME
Pedivela,PEDIVELA ABSOLUTE PRIME D,https://homolog-absolutebikes.greenhousecom.biz/product/pedivela-absolute-prime-d/,0.00,PRIME
Pedivela,PEDIVELA ABSOLUTE PRIME D 165MM 34D OFF 3MM,https://homolog-absolutebikes.greenhousecom.biz/product/pedivela-absolute-prime-d-165mm-34d-off-3mm/,0.00,PRIME
Pedivela,PEDIVELA SPEED ALUMÍNIO,https://homolog-absolutebikes.greenhousecom.biz/product/pedivela-speed-aluminio/,0.00,
Pedivela,PEDIVELA ABSOLUTE WILD,https://homolog-absolutebikes.greenhousecom.biz/product/pedivela-absolute-wild/,0.00,WILD
Pedivela,PEDIVELA ABSOLUTE WILD 2X9,https://homolog-absolutebikes.greenhousecom.biz/product/pedivela-absolute-wild-2x9/,0.00,WILD
Pedivela,PEDIVELA ABSOLUTE WILD R,https://homolog-absolutebikes.greenhousecom.biz/product/pedivela-absolute-wild-r/,0.00,WILD
